{"objects":[{"type":"path-group","originX":"left","originY":"top","left":0,"top":0,"width":252,"height":144,"fill":"","stroke":null,"strokeWidth":1,"strokeDashArray":null,"strokeLineCap":"butt","strokeLineJoin":"miter","strokeMiterLimit":10,"scaleX":162.5,"scaleY":162.5,"angle":0,"flipX":false,"flipY":false,"opacity":1,"shadow":null,"visible":true,"clipTo":null,"backgroundColor":"","fillRule":"nonzero","globalCompositeOperation":"source-over","paths":[{"type":"rect","originX":"left","originY":"top","left":0,"top":0,"width":252,"height":144,"fill":"rgb(0,0,0)","stroke":null,"strokeWidth":1,"strokeDashArray":null,"strokeLineCap":"butt","strokeLineJoin":"miter","strokeMiterLimit":10,"scaleX":1,"scaleY":1,"angle":0,"flipX":false,"flipY":false,"opacity":1,"shadow":null,"visible":true,"clipTo":null,"backgroundColor":"","fillRule":"nonzero","globalCompositeOperation":"source-over","rx":0,"ry":0},{"type":"polygon","originX":"left","originY":"top","left":104.67,"top":35,"width":37.33,"height":15,"fill":"#BE1E2D","stroke":null,"strokeWidth":1,"strokeDashArray":null,"strokeLineCap":"butt","strokeLineJoin":"miter","strokeMiterLimit":10,"scaleX":1,"scaleY":1,"angle":0,"flipX":false,"flipY":false,"opacity":1,"shadow":null,"visible":true,"clipTo":null,"backgroundColor":"","fillRule":"nonzero","globalCompositeOperation":"source-over","points":[{"x":104.667,"y":42.333},{"x":120.333,"y":50},{"x":142,"y":37},{"x":105.333,"y":35}]},{"type":"path","originX":"left","originY":"top","left":19.79,"top":57.37,"width":13.56,"height":13.64,"fill":"#ED1C24","stroke":null,"strokeWidth":1,"strokeDashArray":null,"strokeLineCap":"butt","strokeLineJoin":"miter","strokeMiterLimit":10,"scaleX":1,"scaleY":1,"angle":0,"flipX":false,"flipY":false,"opacity":1,"shadow":null,"visible":true,"clipTo":null,"backgroundColor":"","fillRule":"nonzero","globalCompositeOperation":"source-over","path":[["M",24.987,71.007],["c",-1,0,-1.833,-0.083,-2.5,-0.25],["c",-0.667,-0.167,-1.2,-0.433,-1.6,-0.8],["c",-0.4,-0.367,-0.684,-0.847,-0.85,-1.44],["c",-0.167,-0.593,-0.25,-1.323,-0.25,-2.19],["v",-8.96],["h",3.02],["v",8.84],["c",0,0.4,0.037,0.737,0.11,1.01],["c",0.073,0.273,0.203,0.5,0.39,0.68],["c",0.187,0.18,0.437,0.31,0.75,0.39],["c",0.313,0.08,0.71,0.12,1.19,0.12],["h",8.1],["v",2.6],["H",24.987],["z"]],"pathOffset":{"x":26.566999999999993,"y":64.18700000000001}},{"type":"path","originX":"left","originY":"top","left":34.63,"top":57.37,"width":15.6,"height":13.64,"fill":"#ED1C24","stroke":null,"strokeWidth":1,"strokeDashArray":null,"strokeLineCap":"butt","strokeLineJoin":"miter","strokeMiterLimit":10,"scaleX":1,"scaleY":1,"angle":0,"flipX":false,"flipY":false,"opacity":1,"shadow":null,"visible":true,"clipTo":null,"backgroundColor":"","fillRule":"nonzero","globalCompositeOperation":"source-over","path":[["M",39.827,71.007],["c",-1,0,-1.833,-0.083,-2.5,-0.25],["c",-0.667,-0.167,-1.2,-0.433,-1.6,-0.8],["c",-0.4,-0.367,-0.684,-0.847,-0.85,-1.44],["c",-0.167,-0.593,-0.25,-1.323,-0.25,-2.19],["v",-4.28],["c",0,-0.853,0.083,-1.58,0.25,-2.18],["c",0.167,-0.6,0.45,-1.083,0.85,-1.45],["c",0.4,-0.367,0.933,-0.633,1.6,-0.8],["c",0.667,-0.167,1.5,-0.25,2.5,-0.25],["h",5.18],["c",1.013,0,1.853,0.083,2.52,0.25],["c",0.667,0.167,1.2,0.434,1.6,0.8],["s",0.683,0.85,0.85,1.45],["c",0.167,0.6,0.25,1.327,0.25,2.18],["v",4.28],["c",0,0.867,-0.083,1.597,-0.25,2.19],["c",-0.167,0.594,-0.45,1.074,-0.85,1.44],["s",-0.934,0.633,-1.6,0.8],["c",-0.667,0.167,-1.507,0.25,-2.52,0.25],["H",39.827],["z"],["M",47.188,62.187],["c",0,-0.427,-0.037,-0.78,-0.11,-1.06],["c",-0.073,-0.28,-0.197,-0.507,-0.37,-0.68],["c",-0.174,-0.173,-0.41,-0.293,-0.71,-0.36],["c",-0.3,-0.066,-0.67,-0.1,-1.11,-0.1],["h",-4.92],["c",-0.48,0,-0.87,0.034,-1.17,0.1],["c",-0.3,0.067,-0.537,0.187,-0.71,0.36],["c",-0.173,0.173,-0.29,0.4,-0.35,0.68],["c",-0.06,0.28,-0.09,0.633,-0.09,1.06],["v",4.02],["c",0,0.44,0.03,0.803,0.09,1.09],["s",0.177,0.513,0.35,0.68],["c",0.173,0.167,0.41,0.28,0.71,0.34],["s",0.69,0.09,1.17,0.09],["h",4.92],["c",0.44,0,0.81,-0.03,1.11,-0.09],["c",0.3,-0.06,0.536,-0.173,0.71,-0.34],["c",0.173,-0.167,0.296,-0.394,0.37,-0.68],["s",0.11,-0.65,0.11,-1.09],["V",62.187],["z"]],"pathOffset":{"x":42.427,"y":64.18700000000001}},{"type":"path","originX":"left","originY":"top","left":52.39,"top":57.37,"width":15.82,"height":13.64,"fill":"#ED1C24","stroke":null,"strokeWidth":1,"strokeDashArray":null,"strokeLineCap":"butt","strokeLineJoin":"miter","strokeMiterLimit":10,"scaleX":1,"scaleY":1,"angle":0,"flipX":false,"flipY":false,"opacity":1,"shadow":null,"visible":true,"clipTo":null,"backgroundColor":"","fillRule":"nonzero","globalCompositeOperation":"source-over","path":[["M",57.587,71.007],["c",-1,0,-1.833,-0.083,-2.5,-0.25],["c",-0.667,-0.167,-1.2,-0.433,-1.6,-0.8],["c",-0.4,-0.367,-0.684,-0.847,-0.85,-1.44],["c",-0.167,-0.593,-0.25,-1.323,-0.25,-2.19],["v",-4.28],["c",0,-0.853,0.083,-1.58,0.25,-2.18],["c",0.167,-0.6,0.45,-1.083,0.85,-1.45],["c",0.4,-0.367,0.933,-0.633,1.6,-0.8],["c",0.667,-0.167,1.5,-0.25,2.5,-0.25],["h",3.56],["v",2.62],["h",-3.42],["c",-0.453,0,-0.83,0.037,-1.13,0.11],["c",-0.3,0.074,-0.537,0.197,-0.71,0.37],["c",-0.173,0.173,-0.297,0.4,-0.37,0.68],["c",-0.073,0.28,-0.11,0.627,-0.11,1.04],["v",4.02],["c",0,0.453,0.037,0.823,0.11,1.11],["s",0.2,0.51,0.38,0.67],["c",0.18,0.16,0.42,0.27,0.72,0.33],["c",0.3,0.06,0.67,0.09,1.11,0.09],["h",5.14],["c",0.426,0,0.787,-0.03,1.08,-0.09],["c",0.293,-0.06,0.53,-0.173,0.71,-0.34],["c",0.18,-0.167,0.31,-0.403,0.39,-0.71],["c",0.08,-0.306,0.12,-0.7,0.12,-1.18],["v",-3.16],["h",3.04],["v",3.4],["c",0,0.867,-0.083,1.597,-0.25,2.19],["c",-0.167,0.594,-0.45,1.074,-0.85,1.44],["c",-0.4,0.367,-0.937,0.633,-1.61,0.8],["c",-0.673,0.167,-1.517,0.25,-2.53,0.25],["H",57.587],["z"]],"pathOffset":{"x":60.297000000000004,"y":64.18700000000001}},{"type":"path","originX":"left","originY":"top","left":70.23,"top":57.37,"width":15.6,"height":13.64,"fill":"#ED1C24","stroke":null,"strokeWidth":1,"strokeDashArray":null,"strokeLineCap":"butt","strokeLineJoin":"miter","strokeMiterLimit":10,"scaleX":1,"scaleY":1,"angle":0,"flipX":false,"flipY":false,"opacity":1,"shadow":null,"visible":true,"clipTo":null,"backgroundColor":"","fillRule":"nonzero","globalCompositeOperation":"source-over","path":[["M",75.427,71.007],["c",-1,0,-1.833,-0.083,-2.5,-0.25],["c",-0.667,-0.167,-1.2,-0.433,-1.6,-0.8],["c",-0.4,-0.367,-0.684,-0.847,-0.85,-1.44],["c",-0.167,-0.593,-0.25,-1.323,-0.25,-2.19],["v",-4.28],["c",0,-0.853,0.083,-1.58,0.25,-2.18],["c",0.167,-0.6,0.45,-1.083,0.85,-1.45],["c",0.4,-0.367,0.933,-0.633,1.6,-0.8],["c",0.667,-0.167,1.5,-0.25,2.5,-0.25],["h",5.18],["c",1.013,0,1.853,0.083,2.52,0.25],["c",0.667,0.167,1.2,0.434,1.6,0.8],["s",0.683,0.85,0.85,1.45],["c",0.167,0.6,0.25,1.327,0.25,2.18],["v",4.28],["c",0,0.867,-0.083,1.597,-0.25,2.19],["c",-0.167,0.594,-0.45,1.074,-0.85,1.44],["s",-0.934,0.633,-1.6,0.8],["c",-0.667,0.167,-1.507,0.25,-2.52,0.25],["H",75.427],["z"],["M",82.787,62.187],["c",0,-0.427,-0.037,-0.78,-0.11,-1.06],["c",-0.073,-0.28,-0.197,-0.507,-0.37,-0.68],["c",-0.174,-0.173,-0.41,-0.293,-0.71,-0.36],["c",-0.3,-0.066,-0.67,-0.1,-1.11,-0.1],["h",-4.92],["c",-0.48,0,-0.87,0.034,-1.17,0.1],["c",-0.3,0.067,-0.537,0.187,-0.71,0.36],["c",-0.173,0.173,-0.29,0.4,-0.35,0.68],["c",-0.06,0.28,-0.09,0.633,-0.09,1.06],["v",4.02],["c",0,0.44,0.03,0.803,0.09,1.09],["s",0.177,0.513,0.35,0.68],["c",0.173,0.167,0.41,0.28,0.71,0.34],["s",0.69,0.09,1.17,0.09],["h",4.92],["c",0.44,0,0.81,-0.03,1.11,-0.09],["c",0.3,-0.06,0.536,-0.173,0.71,-0.34],["c",0.173,-0.167,0.296,-0.394,0.37,-0.68],["s",0.11,-0.65,0.11,-1.09],["V",62.187],["z"]],"pathOffset":{"x":78.027,"y":64.18700000000001}},{"type":"polygon","originX":"left","originY":"top","left":59,"top":0,"width":193,"height":144,"fill":"#FFFFFF","stroke":null,"strokeWidth":1,"strokeDashArray":null,"strokeLineCap":"butt","strokeLineJoin":"miter","strokeMiterLimit":10,"scaleX":1,"scaleY":1,"angle":0,"flipX":false,"flipY":false,"opacity":1,"shadow":null,"visible":true,"clipTo":null,"backgroundColor":"","fillRule":"nonzero","globalCompositeOperation":"source-over","points":[{"x":146.667,"y":0},{"x":59,"y":144},{"x":252,"y":144},{"x":252,"y":0}]},{"type":"rect","originX":"left","originY":"top","left":104.67,"top":23.67,"width":147,"height":18.67,"fill":"#ED1C24","stroke":null,"strokeWidth":1,"strokeDashArray":null,"strokeLineCap":"butt","strokeLineJoin":"miter","strokeMiterLimit":10,"scaleX":1,"scaleY":1,"angle":0,"flipX":false,"flipY":false,"opacity":1,"shadow":null,"visible":true,"clipTo":null,"backgroundColor":"","fillRule":"nonzero","globalCompositeOperation":"source-over","rx":0,"ry":0},{"type":"text","originX":"left","originY":"top","left":11.5,"top":-4,"width":23,"height":13,"fill":"#FFFFFF","stroke":null,"strokeWidth":1,"strokeDashArray":null,"strokeLineCap":"butt","strokeLineJoin":"miter","strokeMiterLimit":10,"scaleX":1,"scaleY":1,"angle":0,"flipX":false,"flipY":false,"opacity":1,"shadow":null,"visible":true,"clipTo":null,"backgroundColor":"","fillRule":"nonzero","globalCompositeOperation":"source-over","text":"Name","fontSize":10,"fontWeight":"normal","fontFamily":"NeuropoliticalRg-Regular","fontStyle":"","lineHeight":1.3,"textDecoration":"","textAlign":"left","path":null,"textBackgroundColor":"","useNative":true},{"type":"text","originX":"left","originY":"top","left":71.32,"top":-6.4,"width":142.65,"height":20.8,"fill":"rgb(0,0,0)","stroke":null,"strokeWidth":1,"strokeDashArray":null,"strokeLineCap":"butt","strokeLineJoin":"miter","strokeMiterLimit":10,"scaleX":1,"scaleY":1,"angle":0,"flipX":false,"flipY":false,"opacity":1,"shadow":null,"visible":true,"clipTo":null,"backgroundColor":"","fillRule":"nonzero","globalCompositeOperation":"source-over","text":"Call :Email :Address :","fontSize":16,"fontWeight":"normal","fontFamily":"Times New Roman","fontStyle":"","lineHeight":1.3,"textDecoration":"","textAlign":"left","path":null,"textBackgroundColor":"","useNative":true},{"type":"rect","originX":"left","originY":"top","left":0,"top":138.67,"width":252,"height":5.33,"fill":"#ED1C24","stroke":null,"strokeWidth":1,"strokeDashArray":null,"strokeLineCap":"butt","strokeLineJoin":"miter","strokeMiterLimit":10,"scaleX":1,"scaleY":1,"angle":0,"flipX":false,"flipY":false,"opacity":1,"shadow":null,"visible":true,"clipTo":null,"backgroundColor":"","fillRule":"nonzero","globalCompositeOperation":"source-over","rx":0,"ry":0}]},{"type":"text","originX":"left","originY":"top","left":27626.69,"top":4549.98,"width":166.76,"height":31.2,"fill":"rgb(0,0,0)","stroke":null,"strokeWidth":1,"strokeDashArray":null,"strokeLineCap":"butt","strokeLineJoin":"miter","strokeMiterLimit":10,"scaleX":48.42,"scaleY":48.42,"angle":0,"flipX":false,"flipY":false,"opacity":1,"shadow":null,"visible":true,"clipTo":null,"backgroundColor":"","fillRule":"nonzero","globalCompositeOperation":"source-over","text":"Raja Sundaram","fontSize":24,"fontWeight":"normal","fontFamily":"helvetica","fontStyle":"","lineHeight":1.3,"textDecoration":"","textAlign":"left","path":null,"textBackgroundColor":"","useNative":true}],"background":""}